{
  "configs": [
    "deloittecustomerapi.xml"
  ],
  "secureProperties": [],
  "redeploymentEnabled": true,
  "name": "deloittecustomerapi",
  "minMuleVersion": "4.1.2",
  "requiredProduct": "MULE_EE",
  "classLoaderModelLoaderDescriptor": {
    "id": "mule",
    "attributes": {
      "exportedPackages": [],
      "exportedResources": [
        "api\\.gitignore",
        "api\\deloittecustomerapi.raml",
        "api\\examples\\DeloitteCustomerExample.raml",
        "api\\examples\\DeloitteCustomerIDExample.raml",
        "api\\exchange_modules\\9b2262b0-9d2a-4fbb-9daf-1f73bd43e397\\deloittecustomerdatatype\\1.0.2\\DeloitteCustomerDataType.raml",
        "api\\exchange_modules\\9b2262b0-9d2a-4fbb-9daf-1f73bd43e397\\deloittecustomerexample\\1.0.2\\DeloitteCustomerExample.raml"
      ]
    }
  },
  "bundleDescriptorLoader": {
    "id": "mule",
    "attributes": {}
  }
}