<?xml version="1.0" encoding="UTF-8"?>
<mule xmlns:jms="http://www.mulesoft.org/schema/mule/jms" xmlns:ee="http://www.mulesoft.org/schema/mule/ee/core" xmlns:doc="http://www.mulesoft.org/schema/mule/documentation" xmlns="http://www.mulesoft.org/schema/mule/core" xmlns:apikit="http://www.mulesoft.org/schema/mule/mule-apikit" xmlns:http="http://www.mulesoft.org/schema/mule/http" xmlns:spring="http://www.springframework.org/schema/beans" xmlns:xsi="http://www.w3.org/2001/XMLSchema-instance" xsi:schemaLocation="http://www.mulesoft.org/schema/mule/core http://www.mulesoft.org/schema/mule/core/current/mule.xsd http://www.mulesoft.org/schema/mule/http http://www.mulesoft.org/schema/mule/http/current/mule-http.xsd http://www.mulesoft.org/schema/mule/mule-apikit http://www.mulesoft.org/schema/mule/mule-apikit/current/mule-apikit.xsd http://www.springframework.org/schema/beans http://www.springframework.org/schema/beans/spring-beans-3.1.xsd 
http://www.mulesoft.org/schema/mule/ee/core http://www.mulesoft.org/schema/mule/ee/core/current/mule-ee.xsd
http://www.mulesoft.org/schema/mule/jms http://www.mulesoft.org/schema/mule/jms/current/mule-jms.xsd">
    <http:listener-config name="deloittecustomerapi-httpListenerConfig">
        <http:listener-connection host="localhost" port="8081" />
    </http:listener-config>
    <apikit:config name="deloittecustomerapi-config" raml="deloittecustomerapi.raml" outboundHeadersMapName="outboundHeaders" httpStatusVarName="httpStatus" />
	<flow name="deloittecustomerapi-main">
        <http:listener config-ref="deloittecustomerapi-httpListenerConfig" path="/api/*">
            <http:response statusCode="#[vars.httpStatus default 200]">
                <http:headers>#[vars.outboundHeaders default {}]</http:headers>
            </http:response>
            <http:error-response statusCode="#[vars.httpStatus default 500]">
                <http:body>#[payload]</http:body>
                <http:headers>#[vars.outboundHeaders default {}]</http:headers>
            </http:error-response>
        </http:listener>
        <apikit:router config-ref="deloittecustomerapi-config" />
        <error-handler>
            <on-error-propagate type="APIKIT:BAD_REQUEST">
                <ee:transform xmlns:ee="http://www.mulesoft.org/schema/mule/ee/core" xsi:schemaLocation="http://www.mulesoft.org/schema/mule/ee/core http://www.mulesoft.org/schema/mule/ee/core/current/mule-ee.xsd" doc:id="c3c26d0d-e6bd-45de-b6d2-9d3122d08733">
                    <ee:message>
                        <ee:set-payload><![CDATA[%dw 2.0
output application/json
---
{message: "Bad request"}]]></ee:set-payload>
                    </ee:message>
                    <ee:variables>
                        <ee:set-variable variableName="httpStatus"><![CDATA[400]]></ee:set-variable>
                    </ee:variables>
                </ee:transform>
            </on-error-propagate>
            <on-error-propagate type="APIKIT:NOT_FOUND">
                <ee:transform xmlns:ee="http://www.mulesoft.org/schema/mule/ee/core" xsi:schemaLocation="http://www.mulesoft.org/schema/mule/ee/core http://www.mulesoft.org/schema/mule/ee/core/current/mule-ee.xsd" doc:id="9db67304-696b-4240-a51a-b211dbfb1a4f">
                    <ee:message>
                        <ee:set-payload><![CDATA[%dw 2.0
output application/json
---
{message: "Resource not found"}]]></ee:set-payload>
                    </ee:message>
                    <ee:variables>
                        <ee:set-variable variableName="httpStatus"><![CDATA[404]]></ee:set-variable>
                    </ee:variables>
                </ee:transform>
            </on-error-propagate>
            <on-error-propagate type="APIKIT:METHOD_NOT_ALLOWED">
                <ee:transform xmlns:ee="http://www.mulesoft.org/schema/mule/ee/core" xsi:schemaLocation="http://www.mulesoft.org/schema/mule/ee/core http://www.mulesoft.org/schema/mule/ee/core/current/mule-ee.xsd" doc:id="efe27c10-b19c-4df1-aa72-a890bb415b0f">
                    <ee:message>
                        <ee:set-payload><![CDATA[%dw 2.0
output application/json
---
{message: "Method not allowed"}]]></ee:set-payload>
                    </ee:message>
                    <ee:variables>
                        <ee:set-variable variableName="httpStatus"><![CDATA[405]]></ee:set-variable>
                    </ee:variables>
                </ee:transform>
            </on-error-propagate>
            <on-error-propagate type="APIKIT:NOT_ACCEPTABLE">
                <ee:transform xmlns:ee="http://www.mulesoft.org/schema/mule/ee/core" xsi:schemaLocation="http://www.mulesoft.org/schema/mule/ee/core http://www.mulesoft.org/schema/mule/ee/core/current/mule-ee.xsd" doc:id="8172c202-077e-4db3-aef3-6d4d174141c3">
                    <ee:message>
                        <ee:set-payload><![CDATA[%dw 2.0
output application/json
---
{message: "Not acceptable"}]]></ee:set-payload>
                    </ee:message>
                    <ee:variables>
                        <ee:set-variable variableName="httpStatus"><![CDATA[406]]></ee:set-variable>
                    </ee:variables>
                </ee:transform>
            </on-error-propagate>
            <on-error-propagate type="APIKIT:UNSUPPORTED_MEDIA_TYPE">
                <ee:transform xmlns:ee="http://www.mulesoft.org/schema/mule/ee/core" xsi:schemaLocation="http://www.mulesoft.org/schema/mule/ee/core http://www.mulesoft.org/schema/mule/ee/core/current/mule-ee.xsd" doc:id="4f4f6366-8651-4075-83a4-81fc35f9ce59">
                    <ee:message>
                        <ee:set-payload><![CDATA[%dw 2.0
output application/json
---
{message: "Unsupported media type"}]]></ee:set-payload>
                    </ee:message>
                    <ee:variables>
                        <ee:set-variable variableName="httpStatus"><![CDATA[415]]></ee:set-variable>
                    </ee:variables>
                </ee:transform>
            </on-error-propagate>
            <on-error-propagate type="APIKIT:NOT_IMPLEMENTED">
                <ee:transform xmlns:ee="http://www.mulesoft.org/schema/mule/ee/core" xsi:schemaLocation="http://www.mulesoft.org/schema/mule/ee/core http://www.mulesoft.org/schema/mule/ee/core/current/mule-ee.xsd" doc:id="23b4bec3-6c5b-4776-9d45-428b4a27d8f2">
                    <ee:message>
                        <ee:set-payload><![CDATA[%dw 2.0
output application/json
---
{message: "Not Implemented"}]]></ee:set-payload>
                    </ee:message>
                    <ee:variables>
                        <ee:set-variable variableName="httpStatus"><![CDATA[501]]></ee:set-variable>
                    </ee:variables>
                </ee:transform>
            </on-error-propagate>
        </error-handler>
    </flow>
    <flow name="deloittecustomerapi-console">
        <http:listener config-ref="deloittecustomerapi-httpListenerConfig" path="/console/*">
            <http:response statusCode="#[vars.httpStatus default 200]">
                <http:headers>#[vars.outboundHeaders default {}]</http:headers>
            </http:response>
            <http:error-response statusCode="#[vars.httpStatus default 500]">
                <http:body>#[payload]</http:body>
                <http:headers>#[vars.outboundHeaders default {}]</http:headers>
            </http:error-response>
        </http:listener>
        <apikit:console config-ref="deloittecustomerapi-config" />
        <error-handler>
            <on-error-propagate type="APIKIT:NOT_FOUND">
                <ee:transform xmlns:ee="http://www.mulesoft.org/schema/mule/ee/core" xsi:schemaLocation="http://www.mulesoft.org/schema/mule/ee/core http://www.mulesoft.org/schema/mule/ee/core/current/mule-ee.xsd">
                    <ee:message>
                        <ee:set-payload><![CDATA[%dw 2.0
output application/json
---
{message: "Resource not found"}]]></ee:set-payload>
                    </ee:message>
                    <ee:variables>
                        <ee:set-variable variableName="httpStatus">404</ee:set-variable>
                    </ee:variables>
                </ee:transform>
            </on-error-propagate>
        </error-handler>
    </flow>
    <flow name="put:\customers\(ID):application\json:deloittecustomerapi-config">
        <ee:transform xmlns:ee="http://www.mulesoft.org/schema/mule/ee/core">
            <ee:variables>
                <ee:set-variable variableName="ID">attributes.uriParams.ID</ee:set-variable>
            </ee:variables>
        </ee:transform>
        <ee:transform xmlns:ee="http://www.mulesoft.org/schema/mule/ee/core" xsi:schemaLocation="http://www.mulesoft.org/schema/mule/ee/core http://www.mulesoft.org/schema/mule/ee/core/current/mule-ee.xsd" doc:id="8243b282-965d-4fc6-be0c-b3bc1b33b3bf">
            <ee:message>
                <ee:set-payload><![CDATA[%dw 2.0
output application/json
---
{
  message: "Customer updated in the system"
}]]></ee:set-payload>
            </ee:message>
        </ee:transform>
    </flow>
    <flow name="delete:\customers\(ID):deloittecustomerapi-config">
        <ee:transform xmlns:ee="http://www.mulesoft.org/schema/mule/ee/core" doc:id="ca4de24b-b2a8-490e-a5c9-b1d47b780718">
            <ee:variables>
                <ee:set-variable variableName="ID"><![CDATA[attributes.uriParams.ID]]></ee:set-variable>
            </ee:variables>
        </ee:transform>
        <ee:transform xmlns:ee="http://www.mulesoft.org/schema/mule/ee/core" xsi:schemaLocation="http://www.mulesoft.org/schema/mule/ee/core http://www.mulesoft.org/schema/mule/ee/core/current/mule-ee.xsd" doc:id="f740b1b5-f444-4c84-80bb-74daf85805bc">
            <ee:message>
                <ee:set-payload><![CDATA[%dw 2.0
output application/json
---
{
  message: "Customer deleted in the system"
}]]></ee:set-payload>
            </ee:message>
        </ee:transform>
    </flow>
     <flow name="get:\customers:deloittecustomerapi-config">
        <ee:transform xmlns:ee="http://www.mulesoft.org/schema/mule/ee/core" xsi:schemaLocation="http://www.mulesoft.org/schema/mule/ee/core http://www.mulesoft.org/schema/mule/ee/core/current/mule-ee.xsd" doc:id="f740b1b5-f444-4c84-80bb-74daf85805bc">
            <ee:message>
                <ee:set-payload><![CDATA[%dw 2.0
output application/json
---
[
{
  ID: 1,
  firstName: "Sam",
  lastName: "Billings",
  address: {
    unitNo: 8,
    streetName: "The Boulevarde",
    suburb: "Strathfield",
    postcode: 2135,
    state: "NSW",
    country: "Australia"
  }
},
{
  ID: 2,
  firstName: "Dave",
  lastName: "Warner",
  address: {
    unitNo: 10,
    "streetName": "Warrimoo Street",
     "suburb": "Bracken Ridge",
     "postcode": 4017,
     "state": "QLD",
     "country": "Australia"
  }
}
]]]></ee:set-payload>
            </ee:message>
        </ee:transform>
    </flow>
    <flow name="get:\customers\(ID):deloittecustomerapi-config">
		<ee:transform xmlns:ee="http://www.mulesoft.org/schema/mule/ee/core" doc:id="0c3cea9d-2c4b-4a9b-bdb7-de8849bac963">
            <ee:variables>
                <ee:set-variable variableName="ID"><![CDATA[attributes.uriParams.ID]]></ee:set-variable>
            </ee:variables>
        </ee:transform>
        <logger level="INFO" doc:name="Logger1" doc:id="6b7351e0-23ba-4a0b-9d45-44ea87477b62" message="#[vars.ID]"/>
		<choice doc:name="Choice" doc:id="bb71507c-dbd5-4b4a-b344-74133cf97351" >
			<when expression="#[vars.ID =='1']" >
				<ee:transform xmlns:ee="http://www.mulesoft.org/schema/mule/ee/core" xsi:schemaLocation="http://www.mulesoft.org/schema/mule/ee/core http://www.mulesoft.org/schema/mule/ee/core/current/mule-ee.xsd" doc:id="88a45f59-06c2-4155-b2b8-9561bbf49d37">
            <ee:message>
                <ee:set-payload><![CDATA[%dw 2.0
output application/json
---
{
  ID: 1,
  firstName: "Sam",
  lastName: "Billings",
  address: {
    unitNo: 8,
    streetName: "The Boulevarde",
    suburb: "Strathfield",
    postcode: 2135,
    state: "NSW",
    country: "Australia"
  }
}]]></ee:set-payload>
            </ee:message>
        </ee:transform>
			</when>
			<when expression="#[vars.ID =='2']" >
				<ee:transform doc:name="Transform Message" doc:id="dc1ba159-f4e5-48d8-be6b-d47462a03722">
					<ee:message>
						<ee:set-payload><![CDATA[%dw 2.0
output application/json
---
{
  ID: 2,
  firstName: "Dave",
  lastName: "Warner",
  address: {
    unitNo: 10,
    "streetName": "Warrimoo Street",
     "suburb": "Bracken Ridge",
     "postcode": 4017,
     "state": "QLD",
     "country": "Australia"
  }
}]]></ee:set-payload>
					</ee:message>
				</ee:transform>
			</when>
			<otherwise >
				<set-payload value='[{"status" : "Error"}, {"message" : "The customer does not exist in the system"}]' doc:name="Set Payload" doc:id="7463b9b2-4518-478c-b77a-24489b084d3a" encoding="UTF-8" mimeType="application/json"/>
			</otherwise>
		</choice>
    </flow>
    <flow name="post:\customers:application\json:deloittecustomerapi-config">
		<choice doc:name="Choice" doc:id="06532589-f763-41d1-b0c2-5d059d0bae03" >
			<when expression="#[payload.address.country=='Australia']" >
				<ee:transform xmlns:ee="http://www.mulesoft.org/schema/mule/ee/core" xsi:schemaLocation="http://www.mulesoft.org/schema/mule/ee/core http://www.mulesoft.org/schema/mule/ee/core/current/mule-ee.xsd" doc:id="6d10c02c-392b-4527-a89d-e303103b23fe">
            <ee:message>
                <ee:set-payload><![CDATA[%dw 2.0
output application/json
---
{
  message: "Customer added to the system"
}]]></ee:set-payload>
            </ee:message>
        </ee:transform>
			</when>
			<otherwise >
				<set-payload doc:name="Set Payload" doc:id="eb597e43-aef5-42d5-a169-a307e1bc81ed" value='[{"status" : "Error"}, {"message" : "You can enter only an Australian address"}]' mimeType="application/json" encoding="UTF-8"/>
			</otherwise>
		</choice>
    </flow>
</mule>
